year,avocado_production_tonnes,sp500_yearly_mean,avocado_change_pct,sp500_change_pct
1961,716353,66.27,,
1962,747298,62.38,4.32,-5.87
1963,787311,69.86,5.35,11.99
1964,788522,81.37,0.15,16.48
1965,857193,88.17,8.71,8.36
1966,884536,85.26,3.19,-3.3
1967,945037,91.93,6.84,7.82
1968,960427,98.69,1.63,7.35
1969,1005429,97.84,4.69,-0.86
1970,1029650,83.22,2.41,-14.94
1971,1086786,98.28,5.55,18.1
1972,1124012,109.21,3.43,11.12
1973,1168951,107.42,4.0,-1.64
1974,1180212,82.55,0.96,-23.15
1975,1243261,86.16,5.34,4.37
1976,1280299,102.02,2.98,18.41
1977,1347809,98.21,5.27,-3.73
1978,1409038,96.02,4.54,-2.23
1979,1348699,103.02,-4.28,7.29
1980,1577865,118.78,16.99,15.3
1981,1544661,128.04,-2.1,7.8
1982,1664338,119.72,7.75,-6.5
1983,1676042,160.42,0.7,34.0
1984,1661982,160.47,-0.84,0.03
1985,1752860,186.85,5.47,16.44
1986,1961073,236.36,11.88,26.5
1987,1825021,286.84,-6.94,21.36
1988,1907246,265.78,4.51,-7.34
1989,1676413,322.83,-12.1,21.47
1990,1851282,334.59,10.43,3.64
1991,2057215,376.18,11.12,12.43
1992,2144738,415.74,4.25,10.52
1993,1977851,451.41,-7.78,8.58
1994,2089120,460.33,5.63,1.98
1995,2138498,541.64,2.36,17.66
1996,2236581,670.83,4.59,23.85
1997,2201120,872.67,-1.59,30.09
1998,2372649,1084.31,7.79,24.25
1999,2470079,1326.06,4.11,22.3
2000,2705626,1427.01,9.54,7.61
2001,2762552,1192.08,2.1,-16.46
2002,2943304,995.63,6.54,-16.48
2003,3121497,963.69,6.05,-3.21
2004,3164333,1130.55,1.37,17.31
2005,3352808,1207.06,5.96,6.77
2006,3572591,1310.67,6.56,8.58
2007,3516965,1476.63,-1.56,12.66
2008,3367356,1220.89,-4.25,-17.32
2009,3832476,946.74,13.81,-22.45
2010,3801776,1139.31,-0.8,20.34
2011,4092747,1268.89,7.65,11.37
2012,4338207,1379.56,6.0,8.72
2013,4566843,1642.51,5.27,19.06
2014,5091784,1930.67,11.49,17.54
2015,5515354,2061.2,8.32,6.76
2016,6029951,2091.84,9.33,1.49
2017,6378614,2448.22,5.78,17.04
2018,6880608,2744.68,7.87,12.11
2019,7296464,2912.5,6.04,6.11
2020,8266199,3218.5,13.29,10.51
2021,8838169,4266.79,6.92,32.57
2022,9581225,4100.7,8.41,-3.89
2023,10672980,4293.14,11.39,4.69
2024,11226086,5426.71,5.18,26.4
